"#Gene Name(s)"	"PlasmoDB ID"	"PubMed ID"	"Localisation and Timing"	"Sequence identification"	"Staining Type"	"Microscope Type"	"Quote"	"Strain"	"Comment"	"Comment2"
"EXP-1, EXP1"									"these common names refer to the same gene"	
"PbP25, Pbs25"									"these common names refer to the same gene"	
"BiP, grp"									"these common names refer to the same gene"	
"CSP, CS"									"these common names refer to the same gene"	
"PbMSP8"	"PB000173.03.0"	18359107	"PV during trophs and ring, FV during schizont"	"Taken directly from 18359107"	"Light"	"antibody directly to protein"	"MSP8 was also detected in the ring-stages and by immunofluorescence assay (IFA) it was found to localise to the parasitophorous vacuole (PV), where it is possibly anchored to the parasite membrane via its GPI-anchor, especially given that it co-localises with MSP119 at this time. By schizont stages, however, MSP8 was present in the food vacuole"			
"PbAQP"	"PB000788.01.0"	17284593	"parasite plasma membrane during ring and schizont"	"Blast from XM_671432"	"Light"	"Epitope-specific antibody"	"In P. berghei, PbAQP was localized to the parasite plasma membrane."		"GenBank also blasts perfectly to PB300862.00.0. Both genes are on short contigs."	
"PbActin"	"PB000323.01.0"	17028009	"apical tip during mature ookinete and gametocyte and zygote"	"Blast from epitope DEEMKTSEQSSDI, annotation matches"	"Light"	"IFA from monoclonal antibody"	"Western immunoblots revealed that PbMyoA is only present in fully mature ookinetes, whilst the other two proteins are additionally expressed in gametocytes and zygotes. Immunofluorescence experiments reveal that MyoA and actin co-localize in the apical tip of the parasite whereas MyoB displays a punctate pattern of expression around the entire cell periphery"			
"PbMyoA"	"PB001069.00.0"	17028009	"apical tip during mature ookinete"	"Blast from AF286048, annotation matches"	"Light"	"IFA from antibodies"	"Western immunoblots revealed that PbMyoA is only present in fully mature ookinetes, whilst the other two proteins are additionally expressed in gametocytes and zygotes. Immunofluorescence experiments reveal that MyoA and actin co-localize in the apical tip of the parasite whereas MyoB displays a punctate pattern of expression around the entire cell periphery"			
"PbMyoB"	"PB000366.02.0"	17028009	"punctate peripheral cytoplasm during mature ookinete and gametocyte and zygote"	"Never sequenced, antibody was to falciparum MyoB, took orthologue from PFE0175c"	"Light"	"IFA from antibodies"	"Western immunoblots revealed that PbMyoA is only present in fully mature ookinetes, whilst the other two proteins are additionally expressed in gametocytes and zygotes. Immunofluorescence experiments reveal that MyoA and actin co-localize in the apical tip of the parasite whereas MyoB displays a punctate pattern of expression around the entire cell periphery"			
"#PbGAP45"	"PB000230.01.0"	17028009				"not localised directly"				
"#PbGAP50"	"PB001178.00.0"	17028009				"not localised directly"				
"PbCelTOS"	"PB000247.02.0"	16468982	"microneme during gametocyte and salivary gland sporozoites, trail during salivary gland sporozoite"	"P. falciparum ID PFL0800c taken from paper. Took the first orthomcl orthologue in P. berghei. The other is PB301106.00.0"	"Electron"	"antibody directly to protein"	"We report here that malarial invasion into these hosts is mediated by a protein, designated cell-traversal protein for ookinetes and sporozoites (CelTOS), which is localized to micronemes. CelTOS is deposited as a trail during sporozoite gliding. Salivary gland sporozoites were allowed to glide in chamber slides at 37C for 1 h and fixed with paraformaldehyde, followed (Triton) or not followed (Triton) by permeabilization."			
"PbP25"	"PB000266.01.0"	10989152	"ookinete surface during macrogametes"	"Blast from D88664 from 9108555, annotation matches"	"Light"	"antibody directly to protein"	"IFAT upon live gametes/zygotes and ookinetes with Pbs25 specific antiserum-A confirmed the surface expression of Pbs25"			
"#PbP28"	"PB000865.00.0"	15733320	"ookinete surface"	"annotation matches"	"Light"	"Refences older publication"	"P25 and P28 are located on the parasite surface, from which they are shed during ookinete gliding motility and traversal of the mosquito midgut epithelium"		"not localised in this paper"	
"PbSPECT"	"no matching gene model found"	14737184	"microneme during sporozoite"	"blast from AB125370"	"Electron"	"antibody directly to protein"	"SPECT Is a Microneme Protein Specifically Produced in the Liver-Infective Sporozoite Stage"	"Doesn't seem to blast vs protein or even genome. From assembly gap?"		
"PbSEP1"	"PB100384.00.0"	12615320	"PVM during early schizont, vesicles near parasite surface during erythrocytic stages"	"Blast from AJ420905"	"Light"	"antibody directly to protein"	"Immunolocalisation results indicated that PbSEP1 is targeted to the membrane of the parasitophorous vacuole up to the early phases of schizogony, while, in late schizonts, it re-locates in structures within the syncitium. After erythrocyte rupture, PbSEP1 is still detectable in free merozoites ... In synchronous P. berghei clone 8417HP anti-PbSEP1 antibodies decorated the periphery of parasites all along the erythrocytic cycle"		"strain information not found"	
"PbSEP2"	"PB106367.00.0"	12615320		"Blast from AJ420906, inconsistent gene model?"					"no localisation done, just a confirmation of gene model"	
"PbSEP3"	"PB100384.00.0"	12615320		"Blast from AJ420905, annotation doesn't match"					"no localisation done, just a confirmation of gene model"	
"PbIMC1a"	"PB000344.00.0"	15533999	"peripheral during salivary gland sporozoite, during oocyst sporozoite, not during merozoite and gametocyte and schizont and ookinete"	"Blast from AF542052, annotation matches"	"Light"	"polyclonal antibody directly to protein"	"Immunofluorescent antibody (IFA) staining with the anti-PbIMC1a immune serum labeled sporozoites, but failed to label asexual and sexual life stages including mature schizonts (containing merozoites), gametocytes, and ookinetes (Fig. 2 B). Sporozoites isolated from sporulating oocysts and from salivary glands stained positive for PbIMC1a (Fig. 2 B). Salivary gland sporozoites typically showed peripheral staining."	"ANKA clone 234"		
"PbROM1"	"PB000355.00.0"	19148267	"surface during after sporozoite invasion, apical during merozoite"	"Blast from CB603492"	"Light and Electron"	"antibody directly to protein"	"PbROM1 localizes to the surface of sporozoites after salivary gland invasion. In blood stage merozoites, PbROM1 localizes to the apical end where proteins involved in invasion are also present."			
"MAOP"	"PB000936.01.0"	15520375	"microneme during ookinete"	"Blast from AY756182"	"Electron"	"antibody directly to protein"	"Immunofluorescence analysis showed that MAOP production was restricted to the ookinete stage (Fig. 1A). Signals were mainly localized in the apical end of the ookinete and showed patchy distribution, suggesting localization in micronemes. "			
"A-M1"	"PB000843.02.0"	19206106	"apical during ookinete"	"Taken from supplementary table (sm003) of 19206106"	"Light"	"antibody to homologue"	"M1 aminopeptidase and PDI, the former a recognised target of drug development, were both shown to have a micronemal location by IFA."	"ANKA 2.34"		
"PDI"	"PB001298.00.0"	19206106	"apical during ookinete"	"Taken from supplementary table (sm003) of 19206106"	"Light"	"antibody to homologue"	"M1 aminopeptidase and PDI, the former a recognised target of drug development, were both shown to have a micronemal location by IFA."	"ANKA 2.34"		
"CTRP"		19206106	"microneme during ookinete"		"Light"	"antibody"	"IFA shows PbA-M1 co-localises with the micronemal protein CTRP at the apical pole (Fig. 6D), consistent with a micronemal localisation."	"ANKA 2.34"		
"PbSR"	"PB000977.02.0"	12354219	"apical during sporozoite"	"Blast from AY034780"	"Light"	"antibody to epitope"	"Interestingly, PxSR stain-ing appeared polarized towards the apical end in many sporozoites examined, indicating that the protein may be targeted to the apical secretory organelles"			
"AP2-O"	"PB000572.01.0"	19220746	"nucleus during ookinete, not during blood stages"	"Taken directly from 19220746"	"Light"	"GFP tag"	"In the blood stages of AP2-O::GFP parasites, fluorescence of the GFP-fused protein was not observed (Fig. 1C). However, weak fluorescent signals were observed in retort-form ookinetes beginning 8h after fertilization (Fig. 1C). The signals were localized in the nucleus and signal intensities increased with ookinete development."	"ANKA"		
"SIAP-1"	"PB000251.01.0"	19181869	"Apical and sporozoite surface during oocyst derived sporozoite and salivary gland sporozoite"	"Blast from primer CCATCACTGTCCCTAATTGCTG, orthologous to PFD0425w, taken directly from paper (which reannotated it)"	"Light"	"GFP tag"	"By fluorescent tagging with mCherry we show that SIAP-1 is expressed in oocyst-derived and salivary gland-associated sporozoites, where it accumulates at the apical tip."	"ANKA"		
"RAP2/3"	"PB301475.00.0"	19428669	"rhoptry during merozoite and sporozoite, not during gametocyte and zygote and ookinete and developing oocyst, during sporulating oocyst"	"Taken directly from paper"	"Light"	"GFP tag"	"This analysis showed correct targeting to the merozoite rhoptries of GFP-tagged RAP2/3 and, for the first time, a distinct apical fluorescence pattern in sporozoites indicating a rhoptry location RAP2/3-GFP was not expressed in gametocytes, zygotes, ookinetes and developing oocysts, up to day 9 after mosquito infection and GFP expression only appeared in sporulating oocysts (from day 9 onwards) (Fig. 4a)."	"ANKA"		
"PBRON2"	"PB000379.02.0"	19428669	"rhoptry during merozoite and sporozoite, not during gametocyte and zygote and ookinete and developing oocyst, during sporulating oocyst"	"Taken directly from paper"	"Light"	"GFP tag"	"RON2 is expressed in sporozoites and has the same timing of expression and location as RAP2/3."	"ANKA"		
"PBPRP2"	"PB000489.00.0"	19428669	"rhoptry during merozoite"	"Taken directly from paper"	"Light"	"GFP tag"	"In addition, tagged PBRON2 and PBPRP2 also show a merozoite rhoptry localisation similar to that of RAP2/3."	"ANKA"		
"LISP1"	"PB000708.00.0"	19438514	"PV membrane during hepatocyte merozoite"	"taken directly from paper, wrong gene model?"	"Light"	"antibody directly to protein"	"LISP1 is expressed late during parasite development inside hepatocytes and locates at the PV membrane."	"NK54, ANKA"	"As shown in Fig. 1D, the two proteins co-localised confirming that LISP1 is present in the PVM and in agreement with the localisation of PY04499 in P. yoelii-infected hepatocytes (Tarun et al., 2008).' However Tarun et al. said PV, not PVM"	
"EXP1"		19438514	"PV membrane during hepatocyte"		"Light"	"antibody directly to protein"	"To better define the localization of LISP1, IFA was performed with anti-LISP1 and anti-EXP1 antibodies. As shown in Fig. 1D, the two proteins colocalized confirming that LISP1 is present in the PVM and in agreement with the localization of PY04499 in P. yoelii-infected hepatocytes (Tarun et al., 2008)."	"ANKA"		
"EXP-1"	"PB000484.01.0"	8825207	"parasite surface"	"homology to PF11_0224, annotation matches"	"Light"	"antibody directly to protein"	"This antigen is localized on the surface of the parasite and shares peptide sequence homology with the P. chabudi antigen Ag3008."	"VAN"	"The original citation for this protein, but more details have emerged regarding its specific localisation"	
"PbMIF"	"PB000372.03.0"	17158894	"PV during trophs and schizont"	"taken directly from publication"	"Light"	"C terminal myc tag, C terminal GFP tag"	"PbMIF is externalized by P. berghei and is released upon schizont rupture."			"Couldn't find strain information"
"PbMTIP"	"PB000193.03.0 "	12456714	"IMC and not PM during early hepatic stages"	"inferred from orthology to PY00409 "	"Light, EM"	"antibody directly to protein"	"Taken together, the IEM localization, the TX-100 solubility characteristics and the pattern of loss in hepatic stages strongly support an association of MTIP with the sporozoite IMC and not the plasma membrane."		"Disappears as IMC breaks down during hepatic stages"	"strain information not found in paper"
"#aequorin"		15137943	"cytoplasm during gametocyte"		"Light"	"GFP tag"	"Live fluorescence microscopy showed expression of GFP-aequorin evenly throughout the cytoplasm of the gametocytes (Figure 2D), which emerged and exflagellated normally."			"not a malaria protein"
"CDPK4"	"PB000600.00.0"	15137943		"Blast from AY555067, annotation doesn't match"					"no localisation done, just a confirmation of gene model"	
"Pbs21"	"PB000865.00.0"	10080386	"surface during ookinete"	"Blast from AAB28814"	"Light"	"monoclonal antibody directly to protein"	"Fluorescence microscopy of live ookinetes labelled with Mab 13.1 showed that Pbs21 is expressed uniformly on the outer surface of the plasma membrane of the ookinete."	"ANKA"		
"P28"		10593175	"surface during ookinete"		"Light"	"Monoclonal antibody directly to protein"	"Direct immunofluorescence microscopy of live 24 h ookinete cultures from wt and ?pbmap-2 infected blood showing surface expression of the P28 antigen expressed by macrogametes, zygotes and ookinetes. The wt sample shows two elongate ookinetes, each associated with one round P28-positive parasite (macrogamete or zytote)."	"ANKA"		
"PbRAB11A"	"PB000861.02.0 "	19165333	"cytoplasm during troph and gametocyte, apical during schizont"	"orthomcl from PF13_0119"	"Light"	"GFP tag"	"(B) PbRab11A localisation in trophozoites (T) and gametocytes (G) appears cytoplasmic, whereas in schizonts (lower panel) it appears more vesicular rhoptry-like."	"NK65"		
"#CS"		18312843							"no localisation done, just a confirmation of gene model"	
"SPECT2"	"PB000252.01.0"	15659064	"during salivary gland sporozoite, not during ookinete, not during midgut sporozoite, not during merozoite"	"Blast from AB182656.1, inconsistent gene model?"	"Light"	"polyclonal antibody directly to protein"	"SPECT2 is specifically expressed in salivary gland sporozoites and localized to micronemes. "	"ANKA"		
"SPECT2"		15659064	"microneme and not rhoptry during salivary gland sporozoite"		"EM"	"polyclonal antibody directly to protein"	"Particles were localized to micronemes (Mn) but not to rhoptries (Rh)."	"ANKA"		
"MISFIT"	"PB000064.01.0"	19662167	"nucleus during male gametocyte and oocyst and zygote, not during blood stages"		"Light"	"myc tag"	"MISFIT is expressed in male gametocytes and localizes to the nuclei of male gametocytes, zygotes and ookinetes. ... MISFIT was not detected in asexual blood stage trophozoites or schizonts (data not shown)."	"ANKA 2.34, ANKA 2.33"		
"SET"		19662167	"nucleus during male gametocyte"		"Light"	"polyclonal antibody directly to protein"	"The presence of MISFIT in the male gametocyte nucleus was corroborated by co-localization experiments with SET (Figure 3A), a protein putatively involved in chromatin dynamics, which also strongly accumulates in male gametocytes [23]."	"ANKA 2.34, ANKA 2.33"		
"P28"	"PB000266.01.0"	19662167	"surface during macrogamete and ookinete"	"blast from D88664, inconsistent 5' UTR and 3' UTR"	"Light"	"Monoclonal antibody directly to protein"	"The conversion rate of mutant macrogametes to ookinetes was also comparable to the controls (Figure 1C), and both stages displayed normal morphology and surface distribution of the P28 protein [21] (Figure 1D)."	"ANKA 2.34, ANKA 2.33"		
"#TUB"		19662167			"Light"	"monoclonal antibody to homologue"		"ANKA 2.34, ANKA 2.33"	"localisation not described"	
"#PbCHT1"	"PB001032.02.0"	11349074		"Blast from AJ305256.1, inconsistent gene model?"					"no localisation done"	
"P28"		16313614	"surface during macrogamete and zygote and ookinete"		"Light"	"Monoclonal antibody directly to homologue"	"B. Direct immunofluorescence microscopy of live 24h ookinete cultures from wt and ?pbmap-2 infected blood showing surface expression of the P28 antigen expressed by macrogametes, zygotes and ookinetes."	"ANKA clone 234"		
"Alpha tubulin"	"PB000857.00.0"	16313614	"microtubule during activated microgametocyte"	"annotation matches"	"Light"	"monoclonal antibody to homologue"	"Immunofluorescence staining of ?-tubulin identified the typical dynamic microtubule structures in ?Map-2 microgametocytes that were previously observed in activated wt microgametocytes by light and transmission electron microscopy"	"ANKA clone 234"		
"Alpha tubulin"		12503686	"microtubule during microgamete mitosis, weak cytoplasm during microgametocyte"		"Light, EM"	"monoclonal antibody to homologue"	"Anti-tubulin antibodies revealed that in uninduced preparations microgametocytes exhibited a generalised weak fluorescence throughout the entire cell (Fig. 2A). At 1 min post-induction (PI) a single band of fluorescence was detectable spanning the dark nuclear area. Not infrequently ends of these single bands were decorated by two to four bright dots (Fig. 2B-D). At 6 min PI four distinct bands were visible at the nuclear periphery; these often appeared as two pairs of parallel bands, each pair in a separate focal plane (Fig. 2E, F). At 7 min the bands had become elongated and appeared thinner in the middle region (Fig. 2G, H). At the completion of this division these spindles retracted to eight dot-like structures, each closely associated with a ring of fluorescence, which occupied the periphery of the cell (Fig. 2 I, J). In cells that were suitably positioned, serial sectioning resolved the peripheral ring of fluorescence into a basket of six to eight elongate bands coiled tightly around the nucleus (Fig. 2 K-P). At exflagellation (10-15 min PI) the microgametes emerged from the cell, each containing one of the fluorescent cytoplasmic tubule complexes (Fig. 2)."	"ANKA clone 234"		
"SET"	"PB001284.02.0"	16677299	"nucleus during ring and troph and mature schizont and gametocyte and ookinete and midgut oocyst"	"blast from AAD03402.1, annotation matches, inconsistent gene model?, forward and reverse primers from 16677299 match to different genes as of PlasmoDB 6.1. Problems in assembly?"	"Light"	"GFP tag"	"The A-SET/GFP line of P. berghei expresses GFP-tagged SET in the nucleus of all erythrocytic stages .. As shown in Fig. 2A, GFP fluorescence superimposed on anti-SET signal while it did not overlap with the endoplasmic reticulum (ER) marker Bip."	"ANKA"		
"P28"		16677299	"surface during oocyst"		"Light"	"polyclonal antibody directly to protein"	"The ookinetes were enriched using magnetic beads (Dynal) coated with the 13.1 antibody directed against the PbP28 surface protein (Siden-Kiamos et al., 2000)."	"ANKA"		
"#Pfg377"		16677299	"during female gametocyte"		"Light"	"polyclonal antibody directly to protein"	"GFP fluorescence of late female gametocytes, identified by the sex-specific antibody Pfg377, was less intense than fluorescence of male gametocytes (Fig. 7D)."	"ANKA"	"not a P. berghei protein, it is a P. falciparum one"	
"#Pfg27"		16677299				"polyclonal antibody directly to protein"		"ANKA"	"not a P. berghei protein, it is a P. falciparum one"	
"Bip"	"PB001177.00.0 "	16677299	"ER"	"blast from homologue PFI0875w"	"Light"	"polyclonal antibody directly to protein"	"As shown in Fig. 2A, GFP fluorescence superimposed on anti-SET signal while it did not overlap with the endoplasmic reticulum (ER) marker Bip."	"ANKA"		
"hsp70"	"PB000817.02.0"	8475027	"nucleus and cytoplasm and not RBC cytoplasm and not RBC membrane during hepatocyte"	"blast from homologue PF08_0054"	"EM"	"polyclonal antibody to homologue"	"Antibodies against Pfhsp reacted with nuclei and cytoplasmic regions, whereas anti-Pfgrp antibodies were localized in the perinuclear membranes and in the membranous regions reminiscent of endoplasmic reticulumlike structures in the parasites. Unlike the immunofluorescence results of Renia et al. (1990), no apparent reactivity of antibodies against Pfhsp and Pfgrp was observed in the host-cell cytoplasm or on the surface of infected hepatocytes."	"ANKA"		
"grp"		8475027	"nuclear membrane and ER and not RBC cytoplasm and not RBC membrane during hepatocyte"		"EM"	"polyclonal antibody to homologue"	"Antibodies against Pfhsp reacted with nuclei and cytoplasmic regions, whereas anti-Pfgrp antibodies were localized in the perinuclear membranes and in the membranous regions reminiscent of endoplasmic reticulumlike structures in the parasites. Unlike the immunofluorescence results of Renia et al. (1990), no apparent reactivity of antibodies against Pfhsp and Pfgrp was observed in the host-cell cytoplasm or on the surface of infected hepatocytes."	"ANKA"		
"IMC1b"	"PB000461.01.0"	18650444	"pellicle during ookinete, ookinete protrusion and not PM during retort, not peripheral of oocyst protrusion during oocyst protrusion, during young oocyst"	"Blast from EAA15257, annotation matches, agrees with 'single exon, 535 residues long' as suggested in the publication"	"Light"	"GFP tag"	"Here we have generated genetically modified parasites that express IMC1b tagged with green fluorescent protein, and we show that it is targeted exclusively to the pellicle of ookinetes. Very weak cytoplasmic fluorescence was observed in macrogametes and zygotes (data not shown). As the ookinete develops by forming a protrusion of the spherical zygote, a developmental stage called retort, strong fluorescence became localized to the periphery of the protrusion corresponding to the newly forming ookinete but not to the zygote part of the retort (Fig. 3). These observations argue against the targeting of IMC1b to the plasma membrane; in this scenario the protein would be localized to the periphery of entire retort, which is clearly not the case. We also studied the process of ookinete-to-oocyst transformation. This starts with the development of a round protrusion midway along the ookinete, a developmental stage called took. These protrusions were devoid of peripheral fluorescence (Fig. 3), indicating that IMC/SPN are absent from this part of the cell. As the rounding-up process of the ookinete completes, young spherical oocysts form; these displayed peripheral fluorescence only in part of the cell (Fig. 3). However, older multinucleate oocysts no longer displayed any fluorescence (data not shown) indicating loss of the entire IMC/SPN structures, consistent with documented oocyst architecture."	"ANKA clone 234"		
"CTRP"	"PB000233.00.0"	10562534	"microneme during ookinete"	"Blast from AJ238798.1, inconsistent gene model?"	"Light, EM"	"Monoclonal antibody directly to protein"	"This was confirmed by immunogold electron microscopy of ookinetes, which identified micronemes as target organelles (Figure 1D)."	"ANKA clone 234"		
"CTRP"		10377190	"cytoplasm during ookinete protrusion, anterior to nucleus during ookinete, zygote side during retort"		"Light"	"polyclonal antibody directly to protein"	"When cultured for 10h after exflagellation, most zygotes showed an oval or budding shape, indicating they had just started transformation into the invasive form. In this stage, a strong signal was already detected over the whole zygote (Fig. 5 a). When cultured for an additional 12h, most parasites had transformed to ookinetes and a strong signal was detected in the cytoplasm mainly anterior to the nucleus (Fig. 5 b). This staining pattern was similar to that reported for TRAP in the sporozoite (5, 15). In the retort form, the incompletely mature ookinete with a remnant of the spherical zygote, the signal was observed only in the posterior (zygote) side, but not in the anterior (ookinete) side (data not shown). "	"ANKA"		
"MAEBL"	"PB000798.02.0"	12021311	"microneme during oocyst sporozoite, not during schizont and salivary gland sporozoite and merozoite"	"blast from AF031887.1, inconsistent gene model?"	"Light, EM"	"polyclonal antibody directly to protein"	"We found MAEBL of the rodent malaria parasite, Plasmodium berghei, to be specifically produced by the sporozoites in the oocyst and localized in their micronemes, which are secretory organelles involved in malarial parasite invasion into the host cell. Stage-specific production of PbMAEBL and localization in the microneme. (A) PbMAEBL is specifically produced by sporozoites in the oocyst. Immunofluorescent staining was performed in sporozoites collected from the midgut (left), sporozoites collected from the salivary glands (middle), and schizonts (right). Merozoites were not stained by either antibody (Fig. 1 A, right)."	"ANKA"		
"TRAP"		10579715	"Gliding trail and cytoplasm and microneme during hemolymph sporozoite"		"Light"	"polyclonal antibody directly to protein"	"Using TRAP repeat antibodies, full-length TRAP and the T{Delta}L truncate showed an identical distribution, frequently over most of the sporozoite length and associated with electron-dense micronemes. Immunofluorescence using TRAP antirepeat antibodies of trails left behind WT sporozoites gliding over glass slides. Note in the top panels (phase + immunofluorescence at left) the presence of a ""ring"" of TRAP around the middle portion of the sporozoite. Unlike the glycosylphosphatidylinositol-anchored CS protein of Plasmodium sporozoites that is uniformly deposited in the trail (Stewart and Vanderberg 1988 ), TRAP found in the trail displays a periodic intensity pattern reminiscent of the nonuniform expression of TRAP on the sporozoite surface (see also Fig 2 B)."			
"CS"		3054075	"sporozoite trail during sporozoite"		"Light"	"Monoclonal antibody directly to protein"	"As Plasmodium sporozoites undergo gliding motility in vitro, they leave behind trails of circumsporozoite (CS) protein that correspond to their patterns of movement."		"no fulltext available to UniMelb online"	"strain information not found from abstract"
"hsp70"		12707302	"transformation bulb during early hepatocyte, weak during sporozoite"		"Light"	"Monoclonal antibody directly to protein"	"Different stages of EEF development show increased expression of HSP70. (A) Early 6-h EEF showing the typical transformation bulb. HSP70 expression is mostly localized to the bulb."	"NK65"		
"CS"		12707302	"surface during after sporozoite invasion, apical during merozoite"		"Light"	"Monoclonal antibody directly to protein"	"(E) Spherical 24-h EE trophozoite showing surface expression of circumsporozoite (CS) protein."	"NK65"		
"TRAP"	"PB000374.03.0"	12707302	"not during hepatic"	"blast from homologue PF13_0201"	"Light"	"Monoclonal antibody directly to protein"	"(F) Spherical 24-h EE trophozoites do not express TRAP."	"NK65"		
"MTIP"		12707302	"IMC during extracellular sporozoite, not during early hepatic"		"Light"	"polyclonal antibody directly to protein"	"(A) An extracellular EEF that shows complete circumferential MTIP staining indicating little IMC loss. The trophozoite has a single elongate nucleus. (B) An extracellular EEF showing partial IMC loss. Two closely associated nuclei are visible showing that this parasite has undergone a first round of nuclear division. (C) An extracellular EEF showing further IMC loss to 30% of its original size. Two separated nuclei are visible. (D) An EEF developing within a HepG2 cell 24 h after infection. Loss of the IMC occurs similar to the loss observed in host cell-free development."	"NK65"		
"#"		15970588							"no localisation done"	
"SBP"	"no matching gene model found"	11087921	"maurer's cleft during erythrocytic"	"blast from PfSBP1 doesn't give any good hits, nor does blasting directly against the genome"	"Light, EM"	"polyclonal antibody to homologue"	"Antibodies to the carboxy- and amino-terminal domains of Pfsbp1 labelled similar vesicular structures in the cytoplasm of Plasmodium chabaudi and Plasmodium berghei-infected murine erythrocytes, suggesting that the protein is conserved among malaria species, consistent with an important role of Maurer's cleft-like structures in the intraerythrocytic development of malaria parasites."	"ANKA"		
"mdv-1 "	"PB000248.02.0"	19136003	"punctate during gametocyte, peripheral during female gametocyte, large foci peripheral during male gametocyte, extracellular apical pole of ookinete protrusion during retort"	"taken directly from publication"	"Light"	"polyclonal antibody directly to protein"	"Indirect immunofluorescence assays show MDV-1 has a punctate cytoplasmic distribution in gametocytes. After activation of both females and males, MDV-1 is more peripherally located but in males exclusively it becomes concentrated in a few large foci. The retort stage ookinete develops from the zygote by increasing growth of an apical protrusion and MDV-1 locates at the leading extracellular apical pole of this protrusion. In the fully developed ookinete MDV-1 is localised to the posterior pole."	"ANKA clone 234"		
"MDV-1, PEG3"		19438517	"not during ring and troph"		"Light"	"polyclonal antibody directly to protein"	"Immunofluorescence analysis of fixed P. berghei asexual parasites (ring, trophozoite) and gametocytes using anti-MDV-1/PEG3 antibodies. Specific fluorescence is detected exclusively in gametocytes."	"ANKA"		
"MDV-1, PEG3"		19438517	"not during schizont"		"Light"	"GFP tag"	"This, and the observation that no schizonts were ever found to be GFP-positive, strongly suggested that the GFP fluorescent cells were gametocytes."	"ANKA"		
"MDV-1, PEG3"		19438517	"strong during female gametocyte, weak during male gametocyte"		"Light"	"GFP tag"	"Analysis of purified mature gametocytes from this line by fluorescence microscopy and FACS identified two populations with clearly different fluorescence intensities (Fig. 2B). FACS sorting and Giemsa staining of the cells from the two populations showed that cells with the lower GFP fluorescence were male and those being more strongly fluorescent were female gametocytes (Fig. 2B)."	"ANKA"		
"MDV-1, PEG3"		19438517	"osmiophilic bodies during gametocyte"		"EM"	"polyclonal antibody directly to protein"	"Anti-MDV-1/PEG3 antibodies. The MDV-1/PEG3-specific gold particles are mainly associated with osmiophilic bodies (Ob)."	"ANKA"		
"CS"	"PB001026.00.0"	17981117	"Host cell cytoplasm during hepatocyte, host cell nucleus during 2h post sporozoite invasion, not host cell nucleus during 8h after sporozoite invasion"	"blast from homologue PFC0210c"	"Light"	"Monoclonal antibody directly to protein"	"The intra-nuclear CS signal peaked at two hours after sporozoite invasion of hepatocytes, diminished gradually afterwards, and was undetectable after eight hours (Figure 3B), suggesting that CS was actively exported out of nucleus."		"strain information not found"	
"CS"		8898331	"Outer nuclear envelope during hepatocyte"		"EM"	"Monoclonal antibody directly to protein"	"The intracytoplasmic deposition of CS protein begins during the attachment of the sporozoite to the host cell surface and reaches its peak during the first 4-6 h after invasion. Initially, the CS protein spreads over the entire cytoplasm of the infected cell where it interacts with cytosolic as well as endoplasmic reticulum-associated ribosomes. During the subsequent development of the parasites to exoerythrocytic forms, the CS protein binding becomes gradually restricted to ribosomes lining the outer membrane of the nuclear envelope of the host cell."		"strain information not found"	
"PbWARP"	"PB000020.03.0"	11463467	"large foci peripheral"	"Blast from AF364867"	"Light, EM"	"polyclonal antibody directly to protein residues 285-303"	"As shown in Fig. 4A and B, PbCTRP was observed in all the micronemes and appeared to be peripherally distributed in each microneme. However, PbWARP was observed mainly in the high electron dense micronemes and showed random distribution in the microneme body (Fig. 4C and D)"	"ANKA"		
"PbCTRP"		11463467	"peripheral of microneme during ookinete 20h after fertilization"		"EM"	"antibody"	"As shown in Fig. 4A and B, PbCTRP was observed in all the micronemes and appeared to be peripherally distributed in each microneme. However, PbWARP was observed mainly in the high electron dense micronemes and showed random distribution in the microneme body (Fig. 4C and D)"	"ANKA"		
"PTRAMP"	"PB001080.02.0"	15003842	"surface during merozoite"	"Blast from primer ATTTATGAAACATTCTGGCTC, NOT blast from primer CTTATATGTGAGTGTGTTGC, inferred from orthology to PFL0870w, annotation doesn't match, length doesn't match, inconsistent gene model?"	"Light"	"polyclonal antibody to homologue"	"PTRAMP is expressed at the surface of P. berghei merozoites."	"ANKA 2.34, ANKA 2.33"		
"PbSERA3"	"PB000107.03.0"	18419771	"mainly cytoplasm and close to PVM during cytomere"	"blast from GTCTCGAGATGTGGTGAAAATTGAACTCTGAA, not blast from GTGGATCCATGGCACGTCTCTCATCAAT, inconsistent gene model?, there are 5 tandem SERA genes, and SERA1 and SERA3 appear to be next to each other, which seems inconsistent"	"Light"	"TAP tag"	"In cytomere-stage parasites, PbSERA3 localized mainly in the parasite cytoplasm and the PVM, with little protein located in the PV (Fig. 7, upper panel)."	"ANKA"		
"PbSERA1"	"PB000108.03.0"	18419771	"mainly PV and cytoplasm during cytomere"	"blast from primers GACTCGAGTTATCCTTCTCCAGTTGGTTGATG and GTGTGAATTCTTAGATGCAGCCGACACAAG, annotation matches"	"Light"	"antibody"	"Interestingly, at this stage, PbSERA1 was predominantly detected in the PV, suggesting a different localization of both PbSERA proteins"	"ANKA"		
"#EXP1"		18419771				"antibody"		"ANKA"	"localisation not described"	
"CTRP"		19747017	"gliding trail during ookinete"		"Fixed light, EM"	"monoclonal antibody"	"Immune electron microscopy analysis of Pbs25 and CTRP on gliding track of Plasmodium berghei ookinetes. (A, B) Pbs25 localized on the gliding track (arrow); (C, D) CTRP localized on the gliding track (arrow);"		"strain information not found"	
"Pbs25"		19747017	"gliding trail during ookinete"		"Fixed light, EM"	"monoclonal antibody"	"Immune electron microscopy analysis of Pbs25 and CTRP on gliding track of Plasmodium berghei ookinetes. (A, B) Pbs25 localized on the gliding track (arrow); (C, D) CTRP localized on the gliding track (arrow);"		"strain information not found"	
"MSP8"	"PB000173.03.0"	12615336	"PV during ring, food vacuole during schizont"	"blast from homologue PFE0120c"	"Light"	"antibody"	"MSP8 was also detected in the ring-stages and by immunofluorescence assay (IFA) it was found to localise to the parasitophorous vacuole (PV), where it is possibly anchored to the parasite membrane via its GPI-anchor, especially given that it co-localises with MSP119 at this time. By schizont stages, however, MSP8 was present in the food vacuole (Fig. 1D)."	"ANKA"		
"PbLAP2, PbCCp1"	"PB000652.01.0"	19932717	"somewhat punctate cytoplasm during gametocyte, crystalloid during ookinete, not during mature oocyst and midgut sporozoite and salivary gland sporozoite"	"blast from primer ACGAAGTTATCAGTCGACATGAGTCATTACTAGACATAATTACAAGTGAA, annotation doesn't match"	"Light"	"GFP tag"	"In ookinetes, on the other hand, the typical distribution of PbLAP2 and PbLAP3 was confined to two focal spots, often visibly associated with clusters of malaria pigment (Fig. 2B)."		"strain information not found"	
"PbLAP2, PbCCp1"		19932717	"crystalloid during ookinete"		"EM"	"GFP tag"	"Indeed, the presence of PbLAP2 and PbLAP3 in crystalloids was confirmed by immunogold EM experiments (Fig. 2D) carried out as previously described (7)."		"strain information not found"	
"PbLAP3, PbCCp5"	"PB001172.01.0"	19932717	"somewhat punctate cytoplasm during gametocyte, crystalloid during ookinete, not during mature oocyst and midgut sporozoite and salivary gland sporozoite"	"blast from primer ATGAGGGCCCCTAAGCTATTTTTAATAATTTGTATCGAAAGTATAGTTG, annotation doesn't match"	"Light"	"GFP tag"	"In ookinetes, on the other hand, the typical distribution of PbLAP2 and PbLAP3 was confined to two focal spots, often visibly associated with clusters of malaria pigment (Fig. 2B)."		"strain information not found"	
"PbLAP3, PbCCp5"		19932717	"crystalloid during ookinete"		"EM"	"GFP tag"	"Indeed, the presence of PbLAP2 and PbLAP3 in crystalloids was confirmed by immunogold EM experiments (Fig. 2D) carried out as previously described (7)."		"strain information not found"	
"#PbPKG"		19940133							"no localisation done"	
"#Hsp70"		19940133							"localisation not described"	
"Pblap1"	"PB000977.02.0"	15562607	"surface during sporozoite, strong surface during female gamete, weak during ookinete, perinuclear during asexual blood stages and gametocyte"	"Taken directly from paper"	"Light"	"polyclonal antibody"	"We test the hypothesis that these proteins are surface proteins with 1 member of this gene family, lap1, and provide evidence that it is expressed on the surface of Plasmodium berghei sporozoites. "	"ANKA clone 233"		
"PbSR, PbLap1"	"PB000977.02.0"	18452513	"cytoplasm during female gametocyte and macrogamete, crystalloid and not mitochondria and not lysosome during ookinete"	"blast from AY034780, annotation doesn't match"	"Light"	"GFP tag, RFP tag"	"Here, using fluorescent protein tagging and targeted gene disruption, we show that PbSR is synthesized in macrogametocytes, gets targeted to the crystalloids of developing ookinetes and is involved in crystalloid formation."			
"PbSR"		"18452513 (unpublished)"	"cytoplasm during zygote and early retort"		"Light"	"GFP tag, RFP tag"	"Confocal microscopic examination of mCherry/PbSR/EGFP parasites revealed green and red fluorescence throughout the cytoplasm of female gametocytes/macrogametes (Fig. 3A). .. A similar fluorescence pattern was observed in zygotes and early retorts (i.e. immature ookinetes) (data not shown)"			
"PbSR"		"18452513 (unpublished)"	"not during male gametocytes and microgametes and late oocysts and sporozoites"		"Light"	"GFP tag, RFP tag"	"Asexual stages, male gametocytes, microgametes, late oocysts and sporozoites were negative for both GFP and RFP fluorescence (data not shown)."			
"PbSR"		18452513	"crystalloid during ookinete"		"EM"	"GFP tag, RFP tag"	"Indeed, immunoelectron microscopy of mCherry/PbSR/EGFP ookinetes exclusively labelled crystalloids (Fig. 4C), while crystalloids of wild-type ookinetes did not label (Fig. 4D), confirming that PbSR localizes to the crystalloid structures."			
"PbCap380"	"PB300510.00.0"	18248630	"oocyst capsule during day 15 oocyst, surface during 5 day oocyst"	"Taken directly from paper"	"Light, EM"	"polyclonal antibody"	"PbCap380 localizes to the oocyst capsule"		"strain information not found"	
"PbCSP"		18248630	"plasma membrane surounding oocyst cytoplasm during oocyst"		"Light"	"antibody"	"Circumsporozoite protein (CSP), the most abundant sporozoite surface protein, also localizes to the plasma membrane surrounding the oocyst cytoplasm (Nagasawa et al., 1987; Wang et al., 2005)."		"strain information not found"	
"P28"		18248630	"plasma membrane during ookinete, surface and internalized during day 5 oocyst"		"Light"	"antibody"	"Oocysts were double labelled with anti-PbCap380 (green) and anti-P28 (a major ookinete surface protein) (red) antibodies and visualized by confocal microscopy. .. Day-3 oocysts (single optical section) contain both PbCap380 and P28 on the surface. P28 can also be seen inside the oocyst. In day 5 oocysts (single optical section), P28 is largely internalized, while PbCap380 covers the entire oocyst."		"strain information not found"	
"EXP-1"		20039882	"PVM during schizont and cytomere and merozoite"		"Light"	"chicken antibody"	"As a marker for the PVM, we used chicken anti-EXP1 antibodies (green), and DNA was labeled with DAPI (blue)."	"ANKA"		
"SERA1"	"PB000108.03.0"	20039882	"not during early blood stages, barely during mosquito stages, PV during mid liver stages and late liver stages, not during early liver stages, not during merozomes"	"blast from EU917224, inconsistent gene model?"	"Light"	"3' mCherry tag"	"Similarly to SERA5 in P. falciparum (Delplace et al., 1987), both PbSERA1/mCherry and PbSERA2/mCherry were detected in late schizonts, but not in early blood stages (Fig. 3B). ... PbSERA1/mCherry was detected in mid and late liver stages, and localized predominantly to the parasitophorous vacuole (PV), which constitutes the parasite/host interface (Fig. 3C). ... Interestingly, PbSERA1/mCherry was not detected in merosomes, in contrast to PbSERA2/mCherry, which gave a strong signal associated with individual merozoites inside merosomes (Fig. 3E)."	"ANKA"		
"SERA2"	"PB107093.00.0"	20039882	"not during early blood stages, barely during mosquito stages, not during mid liver stages and early liver stages, intracellular during late liver stages, individual merozoites inside merozomes during merozome"	"blast from EU917225, inconsistent gene model?"	"Light"	"3' mCherry tag"	"Similarly to SERA5 in P. falciparum (Delplace et al., 1987), both PbSERA1/mCherry and PbSERA2/mCherry were detected in late schizonts, but not in early blood stages (Fig. 3B). ... In contrast, PbSERA2/mCherry became detectable only at the end of liver stage development, with an intracellular distribution in the parasite (Fig. 3D). Interestingly, PbSERA1/mCherry was not detected in merosomes, in contrast to PbSERA2/mCherry, which gave a strong signal associated with individual merozoites inside merosomes (Fig. 3E)."	"ANKA"		
"SERA1"		20039882	"only PVM during late liver stages and cytomeres and fully differentiated merozoite-containing parasites"		"Light"	"antibody to C terminus"	"In late liver stages, staining with anti-SERA1C antibodies was mostly restricted to the PV membrane (PVM), as shown by co-localization with the PVM marker exported protein 1 (EXP1) (Fig. 4A, upper panels)."	"ANKA"		
"SERA2"		20039882	"PVM and internal structures during late liver schizont and cytomere, PV and PVM and host cell cytoplasm during terminal liver stages"		"Light"	"antibody to middle of protein"	"In contrast, anti-SERA2M antibodies showed a more complex distribution in late liver schizonts and cytomeres, staining both the PVM and more internal structures (Fig. 4B, upper and middle panels). ... Interestingly, in terminal liver stages, just prior to the release of merozoites, SERA2M was detected at the periphery of the parasites, in the PV and/or PVM compartment, as well as the host cell cytoplasm (Fig. 4B, lower panels)."	"ANKA"	"suggests 2 peptides from gene go to different places at the end of liver stages just before merozoite release"	
"SOAP"	"PB001334.02.0"	12828632	"during retort, apical and not surface and not nucleus during ookinete 24 hours after fertilization and oocyst"	"blast from AY046918, annotation matches"	"Light"	"antibody directly to protein"	"It encodes a predicted secreted and soluble protein with a modular structure composed of two unique cysteine-rich domains. Using the rodent malaria parasite Plasmodium berghei we show that SOAP is targeted to the micronemes and forms high molecular mass complexes via disulphide bonds."		"strain information not found"	
"SOAP"		12828632	"microneme during ookinete 24 hours after fertilization"		"EM"	"antibody directly to protein"	"Subsequent immunogold labelling of PbSOAP in thin sections of 24 h in vitro cultured ookinetes resulted in a large majority of gold particles associated with the micronemes (Fig. 2D)."		"strain information not found"	
"PbHT"	"PB000562.01.0"	20132450	"plasma membrane during early blood stages and late blood stages and ookinete and retort, during sporoblast and ookinete 11 days after infection and ookinete 21 days after infection and sporozoite 21 days after infection"	"taken directly from publication"	"Light"	"GFP tag"	"Direct fluorescence imaging of blood stages of pbht-gfp transgenic parasites reveals fluorescence signal associated with the parasite's plasma membrane present in both early and late blood stages (Fig. 6A and B), demonstrating that PbHT protein is indeed present throughout the asexual cycle. Some of the observed fluorescence signal is internal and may be associated with perinuclear localization as well as the food vacuole, although colocalization studies are needed to ascertain this point."	"ANKA strain 2.34"		
"P28"		20132450	"plasma membrane during ookinete"		"Light"	"Monoclonal antibody"	"We analysed PbHT-GFP expression in live parasites from an ookinete-enriched culture, and showed its expression and colocalization with P28, a surface marker of the ookinete, female gamete and zygote (Fig.6C E)."	"ANKA strain 2.34"		
"PbDOZI"	"PB000603.01.0"	16888139	"P-body during female gametocyte"		"Light"	"C terminal GFP tag"	"PbDOZI::GFP, a modified P. berghei line expressing GFP-tagged DOZI, showed punctate localization in the cytoplasm of female gametocytes. "	"ANKA"		
"CITH"	"PB000768.03.0"	20169188	"P-body during female gametocyte"	"taken directly from publication"	"Light"	"C terminal GFP tag"	"The CITH::GFP fusion protein is present in characteristic foci in the cytoplasm of live parasites."	"ANKA"		
"PbExp1"		16888102	"PVM during merozome"		"Light"	"polyclonal antibody directly to protein"	"The pattern of immunofluorescence staining (3) with polyclonal antibodies specific for the exported protein 1 (Exp1), a parasite protein that becomes inserted into the parasitophorous vacuole membrane (PVM), indicated disruption of the PVM (Fig. 1E) and liberation of merozoites into the host cell cytoplasm."	"ANKA"		
"#Pbhsp90"		16888102			"Light"			"ANKA"	"localisation not described"	"gene model not known"
"PbICP"	"PB000502.02.0"	20361051	"patchy trail and vesicles during salivary gland sporozoites, apical during sporozoites in the presence of host hepatocytes, host cell cytoplasm during after sporozoite invasion"	"taken directly from paper, blast from primers GGGAATTCGAAGATAACGACATATACTCTTTTGATATC and CCCAAGCTTTTATTGGACAGTCACGTATATAAT"	"Light"	"polyclonal antibody to C terminal domain"	"Like the shedded surface protein CSP, PbICP was detected in a patchy pattern in the trails of the circling sporozoites. In addition, staining of unfixed sporozoites with an anti-PbICP-C antiserum confirmed the localization at the apical pole of the sporozoites (Figure S5). Following invasion of hepatocytes, intracellular parasites continue secreting PbICP, which was detected in the host cell cytoplasm (Figure 4A,B, Figure S6, Figure S7). The PVM of early schizont stages can be stained with an antiserum against the PVM-marker protein Exp1 of P. berghei. PbICP co-localized partly with Exp1 but was additionally clearly seen outside of the ring-shaped Exp1 staining, strongly suggesting that the inhibitor is in contact with the host cell cytoplasm (Figure 4C). In later schizont and cytomere stages, PbICP localized mainly to the PV (Figure 4D, E, Figure S4B, Figure S8, Figure S9), but was also found in the parasite cytosol. For these stages we could not detect PbICP in the host cytoplasm."	"ANKA"		
"PbICP"		20361051	"vesicles during salivary gland sporozoites, microneme during sporozoites in the presence of host hepatocytes, PV and host cell cytoplasm during liver trophozoite, PV and parasite cytosol and not host cell cytoplasm during liver schizont and cytomere, hepatocyte cytoplasm during after liver stage completion of daughter parasite development"		"EM"	"polyclonal antibody"	"In permeabilized sporozoites, PbICP staining showed a patchy pattern suggesting a localization in secretory vesicles, which was confirmed by IEM (Figure 2B). Thus, we conclude that at least a portion of PbICP is translocated to the micronemes. ... After completion of daughter parasite development, the PVM starts to disintegrate and this clearly correlates with marked PbICP release into the hepatocyte cytoplasm"	"ANKA"		
"CSP"		20361051	"patchy trail during salivary gland sporozoites, host cell cytoplasm during after sporozoite invasion"		"Light"	"polyclonal antibody"	"Like the shedded surface protein CSP, PbICP was detected in a patchy pattern in the trails of the circling sporozoites. To confirm export of PbICP into the host cytoplasm, we compared the localization of PbICP with that of CSP, a molecule known to be secreted by young trophozoites."	"ANKA"		
"TRAP"		20361051	"apical during sporozoites in the presence of host hepatocytes"		"Light"	"polyclonal antibody"	"TRAP (Thrombospondin-related anonymous protein) is a micronemal protein and, in the presence of host hepatocytes, accumulates at the apical end of the sporozoite [59],[60]"	"ANKA"		
"Exp1"		20361051	"PVM during liver trophozoite and early liver schizont"		"Light"	"polyclonal antibody"	"The PVM of early schizont stages can be stained with an antiserum against the PVM-marker protein Exp1 of P. berghei."	"ANKA"		
	"PB402722.00.0"	20419102	"erythrocyte cytosol during trophozoite"		"Live light"	"GFP tag"	"KAHRP-GFP and Pb-GFP expressing cells showed fluorescence in the erythrocyte cytosol, indicating that GFP was exported into erythrocytes (Fig. 2A)."	"ANKA"		
"bir"	"PB200037.00.0"	20419102	"erythrocyte during trophozoite"		"Live light"	"GFP tag"	"The FBir-GFP expressing cells showed fluorescence in the erythrocyte (Fig. 2B), indicating that GFP was exported, and thus providing evidence that a PEXEL/VTS independent pathway for transport from the parasite is conserved in Plasmodia."	"ANKA"		
"CCT"	"PB000900.02.0"	20478340	"cytosol during ring and troph and schizont"		"Fixed light"	"C terminal GFP tag"	"GFP-fusions of CCT, ECT and CK were found in the cytosol whereas the GFP-CEPT mainly localised in the endoplasmic reticulum."	"ANKA 2.34"		
"ECT"	"PB000823.02.0"	20478340	"cytosol during ring and troph and schizont"		"Fixed light"	"C terminal GFP tag"	"GFP-fusions of CCT, ECT and CK were found in the cytosol whereas the GFP-CEPT mainly localised in the endoplasmic reticulum."	"ANKA 2.34"		
"CK"	"PB000638.02.0"	20478340	"cytosol during ring and troph and schizont"		"Fixed light"	"GFP tag"	"GFP-fusions of CCT, ECT and CK were found in the cytosol whereas the GFP-CEPT mainly localised in the endoplasmic reticulum."	"ANKA 2.34"		
"CEPT"	"PB300434.00.0"	20478340	"endoplasmic reticulum during ring and troph and schizont"		"Fixed light"	"C terminal GFP tag"	"GFP-fusions of CCT, ECT and CK were found in the cytosol whereas the GFP-CEPT mainly localised in the endoplasmic reticulum."	"ANKA 2.34"		
"Pbs21"		20573956	"surface during day 2 oocyst"		"Fixed light"	"antibody"	"Day 2 and day 12 oocysts stained with antibodies against different oocyst proteins: Pbs21, a surface protein of ookinetes and young oocysts; PbCap380, a protein of the oocyst capsule and PbCSP, a surface protein of sporozoites."	"ANKA"		
"PbCap380"		20573956	"oocyst capsule during day 12 oocyst"		"Fixed light"	"antibody"	"Day 2 and day 12 oocysts stained with antibodies against different oocyst proteins: Pbs21, a surface protein of ookinetes and young oocysts; PbCap380, a protein of the oocyst capsule and PbCSP, a surface protein of sporozoites."	"ANKA"		
"PbCSP"		20573956	"surface during day 12 oocyst"		"Fixed light"	"antibody"	"Day 2 and day 12 oocysts stained with antibodies against different oocyst proteins: Pbs21, a surface protein of ookinetes and young oocysts; PbCap380, a protein of the oocyst capsule and PbCSP, a surface protein of sporozoites."	"ANKA"		
"PbArp1"	"PB000700.00.0"	20580650	"apical and basal of nucleus and not microneme during ookinete"	"taken directly from publication"	"Fixed light"	"antibody"	"The staining pattern showed Arp1 to be present in a zone located apically of the nucleus but excluded from the very apical end of the parasite; this was shown by the co-localization with the MyoA protein which is restricted to the apical-most tip. Some staining could also be detected basally of the nucleus."	"ANKA"	"does not colocalise with actin"	
"CTRP"		20580650	"microneme during ookinete"		"Fixed light"	"antibody"	"However, it must be stressed that its localization does not coincide with the micronemal pattern observed after staining with antibodies against CTRP"	"ANKA"		
"MyoA"		20580650	"apical most tip during ookinete"		"Fixed light"	"antibody"	"this was shown by the co-localization with the MyoA protein which is restricted to the apical-most tip (three representative ookinetes are shown in Fig. 5A). "	"ANKA"		
"Actin"		20580650	"apical most tip during ookinete"		"Fixed light"	"antibody"	"The major actin is localized at the apical tip, overlapping MyoA, as we have shown previously [11]"	"ANKA"		
"eIF2a, PK4"	"PB000788.03.0"	20584882	"stress granule during salivary gland sporozoite"	"taken directly from publication"	"Fixed light"	"antibody to homologue"	"Stress granule-associated proteins eIF2-P and PABP were revealed by immunofluorescence in wild-type salivary gland sporozoites, but were absent in PbeIK2 (-) sporozoites."		"strain information not found"	
"PABP"	"PB001286.00.0"	20584882	"stress granule during salivary gland sporozoite"	"blast from P. falciparum homologue ABL63812"	"Fixed light"	"antibody to homologue"	"Stress granule-associated proteins eIF2-P and PABP were revealed by immunofluorescence in wild-type salivary gland sporozoites, but were absent in PbeIK2 (-) sporozoites."		"strain information not found"	
"PF16"	"PB000781.01.0"	20886115	"diffuse cytoplasmic during before gametogenesis, cytoplasmic axonemes during 5 minutes after gamete activation, cytoplasmic axonemes during 10 minutes after gamete activation, axonemal during after gamete emergence, not during female gametes, not during ookinete 4 hours after activation, not during ookinete 24 hours after activation"	"taken directly from publication"	"Live Light"	"GFP tag"	"Before the onset of gametogenesis, PbPF16-GFP appeared as diffuse cytoplasmic fluorescence (Figure 2). At 5 and 10 minutes after activation, more intense PbPF16 was seen associated with growing cytoplasmic axonemes (detected by ?-tubulin immunostaining; (Figure 2). Later, when male gametes were emerging from the residual body of the male gametocyte, PbPF16-GFP was clearly localised to the emerging male gamete and had patchy distribution along the length of the gamete; moreover it appeared that PbPF16-GFP was always encompassed within the axonemal fluorescence (Figure 2). The protein was not detected in activated female gametes or in the ookinete at either 4 hours or 24 hours after activation."	"ANKA"		
"PbHT"		21402842	"surface and weak intracellular during 24 hrs after sporozoite infection and 48 hrs after sporozoite infection, intracellular during 24 hrs after sporozoite invasion"		"Live Light"	"GFP tag"	"Direct fluorescence imaging of live infected hepatoma cells confirmed expression of PbHT-GFP was parasite surface-localised (being present in the parasite plasma membrane and/or the parasitophorous vacuolar membrane) predominantly at both 24 and 48 h post-infection (Fig. 1A), although some weaker PbHT-GFP signal was also observed within parasites. At 67 h post-invasion, intense PbHT-GFP signal was observed within the parasites, surrounding small clumps of nuclei."	"ANKA strain 2.34"		
		21625527								
"PbPGM2 "	"PBANKA_071550 "	21689687	"cytoplasm during schizont and ookinete"	"taken directly from publication"	"Fixed light"	"Antibody to C terminal GFP tag, antibody to P. falciparum protein"	"Genetic characterization of PGM2 in the rodent parasitePlasmodium bergheiindicated that the protein might be essential to blood stage asexual growth, and a GFP tagged allele is expressed in both blood and zygote ookinete development and located in the cytoplasm. "	"ANKA"		
"ACP"		21690250	"Apicoplast during liver cell development and merosome formation "		"Fixed light"	"antibody"	"Immunofluorescence assay ofP. bergheiinfected liver cells. Apicoplast (red) labeled with anti-ACP antibody, parasite (green) labeled with antibody raised to wholeP. bergheiparasites, and DNA labeled with DAPI are shown. "	"ANKA"		
"NPT1"	"PBANKA_020830"	21752110	"periphery during trophozoite and schizont and free merozoites, diffuse during male gametocyte"	"taken directly from publication"	"Fixed light"	"C terminal HA-FLAG tag"	"NPT1 was detected essentially at the periphery of the developing trophozoites and schizonts.  In male gametocytes, identified by strong SET staining (Pace et al., 2006), the NPT1 labelling was more diffuse (panels 6-7)."	"Pb867"		
"Exp1"		21752110	"PVM during trophozoite and schizont and free merozoites"		"Fixed light"	"antibody"	"This distribution was similar to that of Export-1, a membrane protein associated with the PVM (Gunther et al., 1991)."	"Pb867"		
"SET"		21752110	"during male gametocyte"		"Fixed light"	"antibody"	"In male gametocytes, identified by strong SET staining (Pace et al., 2006), the NPT1 labelling was more diffuse (panels 6-7)."	"Pb867"		
"PbNDH2"	"PBANKA_081600"	21771793	"mitochondria during gametocyte and ookinete and oocyst and liver stages, not during sporozoite, not during trophozoite"	"blast from XP_673046.1, annotation matches"	"Fixed light"	"mCherry tag"	"NDH2 is expressed in multiple Plasmodium life cycle stages and localizes to mitochondria"			
"PbECP1"	"PBANKA_030470"	16027235		"blast from DQ000976, gene model inconsistent?"					"no localisation done, just a confirmation of gene model"	
"PbCSP"		16027235	"gliding trail during sporozoite"		"Fixed light"	"antibody"	"Gliding sporozoites deposit CSP in their trails."		"strain information not found"	
"#PbTRAP"						"antibody"			"localisation not described"	
		21801293								
		21816124								
"MSP1"		"not yet in pubmed"	"PM during late liver phase"		"Fixed light"	"antibody"	"They were then stained with an anti-MSP1 antibody to visualize the PM (red) and anti-Exp1 antibody to label the PVM (green)."	"ANKA"		
"Exp1"		"not yet in pubmed"	"PVM during late liver phase"		"Fixed light, Live light"	"antibody, mCherry tag"	"They were then stained with an anti-MSP1 antibody to visualize the PM (red) and anti-Exp1 antibody to label the PVM (green)."	"ANKA"		
"#PbHsp60"									"transfected into host cells"	
"FACT-L"		21899698	"nuclear during male gamete"				"Epitope tagging of FACT-L showed nuclear localisation with high expression in the nuclei of (activated) male gametocytes."		"no fulltext available (yet)"	
		21899701								
		21909271								
